Date,DOW,Rms,Daily Revenue,Occ%,Rm Sold,Revenue,ADR,RevPar
2025-01-01,Wed,0.0,0.0,84.36578171091446,286.0,278676.01000000007,974.3916433566436,822.053126843658
2025-01-02,Thu,0.0,0.0,87.61061946902655,297.0,219446.19,738.8760606060606,647.3338938053097
2025-01-03,Fri,0.0,0.0,78.17109144542773,265.0,151851.72000000003,573.0253584905662,447.9401769911505
2025-01-04,Sat,0.0,0.0,71.68141592920354,243.0,126849.86000000002,522.0158847736626,374.18837758112096
2025-01-05,Sun,0.0,0.0,65.78171091445427,223.0,113401.95999999999,508.52896860986544,334.51905604719764
2025-01-06,Mon,0.0,0.0,73.45132743362832,249.0,123867.88999999998,497.4614056224899,365.392005899705
2025-01-07,Tue,0.0,0.0,69.32153392330383,235.0,114562.62000000001,487.5005106382979,337.9428318584071
2025-01-08,Wed,0.0,0.0,76.69616519174042,260.0,120695.86,464.21484615384617,356.03498525073746
2025-01-09,Thu,0.0,0.0,81.71091445427729,277.0,131524.25,474.8167870036101,387.97713864306786
2025-01-10,Fri,0.0,0.0,83.1858407079646,282.0,133143.08,472.1385815602836,392.75244837758106
2025-01-11,Sat,0.0,0.0,72.56637168141593,246.0,112033.93,455.4224796747967,330.4835693215339
2025-01-12,Sun,0.0,0.0,72.27138643067846,245.0,112252.81999999999,458.17477551020403,331.1292625368731
2025-01-13,Mon,0.0,0.0,86.72566371681415,294.0,139057.83000000002,472.98581632653065,410.20008849557524
2025-01-14,Tue,0.0,0.0,90.56047197640117,307.0,137489.2,447.84755700325735,405.5728613569322
2025-01-15,Wed,0.0,0.0,93.21533923303835,316.0,152318.78,482.0214556962025,449.31793510324485
2025-01-16,Thu,0.0,0.0,85.25073746312685,289.0,133292.56999999998,461.2199653979238,393.19342182890847
2025-01-17,Fri,0.0,0.0,77.28613569321534,262.0,116838.2,445.9473282442748,344.65545722713864
2025-01-18,Sat,0.0,0.0,68.14159292035397,231.0,102217.71,442.50090909090915,301.52716814159294
2025-01-19,Sun,0.0,0.0,66.3716814159292,225.0,97275.71,432.33648888888894,286.9489970501475
2025-01-20,Mon,0.0,0.0,67.84660766961652,230.0,103349.56,449.3459130434783,304.8659587020649
2025-01-21,Tue,0.0,0.0,74.33628318584071,252.0,114543.98999999999,454.53964285714284,337.88787610619465
2025-01-22,Wed,0.0,0.0,72.27138643067846,245.0,116377.95999999999,475.012081632653,343.29781710914455
2025-01-23,Thu,0.0,0.0,66.3716814159292,225.0,102724.58999999998,456.55373333333324,303.0223893805309
2025-01-24,Fri,0.0,0.0,68.43657817109144,232.0,106765.06,460.19422413793103,314.94117994100293
2025-01-25,Sat,0.0,0.0,65.19174041297934,221.0,107833.54999999999,487.9346153846153,318.09306784660765
2025-01-26,Sun,0.0,0.0,85.25073746312685,289.0,177522.3,614.2640138408304,523.6646017699114
2025-01-27,Mon,0.0,0.0,97.93510324483776,332.0,223119.56,672.0468674698795,658.1697935103244
2025-01-28,Tue,0.0,0.0,94.98525073746312,322.0,214082.68999999997,664.8530745341614,631.5123598820059
2025-01-29,Wed,0.0,0.0,89.97050147492625,305.0,203361.84,666.760131147541,599.8874336283186
2025-01-30,Thu,0.0,0.0,74.04129793510324,251.0,165902.43000000002,660.9658565737053,489.3876991150443
2025-01-31,Fri,0.0,0.0,71.38643067846607,242.0,122919.76000000001,507.9328925619835,362.5951622418879
2025-02-01,Sat,0.0,0.0,71.68141592920354,243.0,113322.01999999999,466.34576131687237,334.2832448377581
2025-02-02,Sun,0.0,0.0,79.35103244837758,269.0,125098.77,465.05118959107807,369.02292035398233
2025-02-03,Mon,0.0,0.0,91.74041297935102,311.0,151441.08000000002,486.94881028938914,446.72884955752215
2025-02-04,Tue,0.0,0.0,99.41002949852508,337.0,163291.40999999997,484.54424332344206,481.6855752212389
2025-02-05,Wed,0.0,0.0,99.11504424778761,336.0,169963.22,505.84291666666667,501.3664306784661
2025-02-06,Thu,0.0,0.0,94.10029498525073,319.0,159177.79,498.9899373040753,469.55100294985255
2025-02-07,Fri,0.0,0.0,76.10619469026548,258.0,126274.22,489.4349612403101,372.4903244837758
2025-02-08,Sat,0.0,0.0,77.28613569321534,262.0,127122.56999999999,485.2006488549618,374.99283185840704
2025-02-09,Sun,0.0,0.0,86.13569321533923,292.0,143006.44,489.74808219178084,421.84790560471976
2025-02-10,Mon,0.0,0.0,98.23008849557522,333.0,161533.94999999998,485.08693693693687,476.50132743362826
2025-02-11,Tue,0.0,0.0,92.62536873156341,314.0,161240.48999999996,513.5047452229298,475.63566371681407
2025-02-12,Wed,0.0,0.0,94.98525073746312,322.0,169482.67,526.343695652174,499.94887905604725
2025-02-13,Thu,0.0,0.0,86.4306784660767,293.0,153892.9,525.2317406143344,453.96135693215336
2025-02-14,Fri,0.0,0.0,82.00589970501476,278.0,146489.74000000002,526.941510791367,432.1231268436579
2025-02-15,Sat,0.0,0.0,79.35103244837758,269.0,151015.71,561.396691449814,445.4740707964601
2025-02-16,Sun,0.0,0.0,87.61061946902655,297.0,202947.75999999995,683.325791245791,598.6659587020647
2025-02-17,Mon,0.0,0.0,97.34513274336283,330.0,288666.14,874.7458787878788,851.5225368731564
2025-02-18,Tue,0.0,0.0,99.41002949852508,337.0,299373.97,888.350059347181,883.1090560471976
2025-02-19,Wed,0.0,0.0,100.0,339.0,314155.19,926.7114749262537,926.7114749262537
2025-02-20,Thu,0.0,0.0,100.0,339.0,336356.15,992.2010324483776,992.2010324483776
2025-02-21,Fri,0.0,0.0,99.41002949852508,337.0,270424.14,802.4455192878339,797.7113274336284
2025-02-22,Sat,0.0,0.0,97.05014749262537,329.0,226989.98999999996,689.9391793313068,669.5869911504424
2025-02-23,Sun,0.0,0.0,98.23008849557522,333.0,224079.06999999998,672.91012012012,661.0002064896754
2025-02-24,Mon,0.0,0.0,100.0,339.0,220193.05,649.5370206489675,649.5370206489675
2025-02-25,Tue,0.0,0.0,98.23008849557522,333.0,215153.43000000002,646.1063963963965,634.6708849557523
2025-02-26,Wed,0.0,0.0,93.5103244837758,317.0,186041.84999999998,586.8828075709779,548.7960176991149
2025-02-27,Thu,0.0,0.0,91.1504424778761,309.0,168738.97,546.0808090614887,497.7550737463127
2025-02-28,Fri,0.0,0.0,68.73156342182891,233.0,115027.05999999998,493.6783690987124,339.3128613569321
2025-03-01,Sat,0.0,0.0,56.63716814159292,192.0,80161.4,417.5072916666666,236.46430678466075
2025-03-02,Sun,0.0,0.0,53.687315634218294,182.0,72415.24,397.8859340659341,213.61427728613572
2025-03-03,Mon,0.0,0.0,51.03244837758112,173.0,67041.99,387.52595375722547,197.76398230088498
2025-03-04,Tue,0.0,0.0,49.852507374631266,169.0,63794.5,377.4822485207101,188.1843657817109
2025-03-05,Wed,0.0,0.0,44.83775811209439,152.0,57318.459999999985,377.09513157894725,169.08100294985246
2025-03-06,Thu,0.0,0.0,42.47787610619469,144.0,53386.85999999999,370.7420833333333,157.4833628318584
2025-03-07,Fri,0.0,0.0,37.75811209439528,128.0,48576.520000000004,379.50406250000003,143.29356932153394
2025-03-08,Sat,0.0,0.0,41.5929203539823,141.0,51963.65,368.53652482269507,153.28510324483776
2025-03-09,Sun,0.0,0.0,35.693215339233035,121.0,44186.73,365.17958677685954,130.34433628318584
2025-03-10,Mon,0.0,0.0,41.00294985250738,139.0,51158.579999999994,368.0473381294964,150.91026548672565
2025-03-11,Tue,0.0,0.0,47.1976401179941,160.0,58393.45,364.95906249999996,172.25206489675514
2025-03-12,Wed,0.0,0.0,44.54277286135693,151.0,53809.19,356.3522516556292,158.72917404129794
2025-03-13,Thu,0.0,0.0,42.18289085545723,143.0,51027.94999999999,356.8388111888111,150.52492625368728
2025-03-14,Fri,0.0,0.0,45.42772861356932,154.0,54034.5,350.8733766233766,159.39380530973452
2025-03-15,Sat,0.0,0.0,48.67256637168141,165.0,59801.17,362.4313333333333,176.40463126843656
2025-03-16,Sun,0.0,0.0,43.36283185840708,147.0,53223.79,362.0665986394558,157.00233038348082
2025-03-17,Mon,0.0,0.0,47.49262536873156,161.0,58254.14,361.82695652173913,171.8411209439528
2025-03-18,Tue,0.0,0.0,43.067846607669615,146.0,51958.94,355.88315068493154,153.27120943952804
2025-03-19,Wed,0.0,0.0,42.47787610619469,144.0,52803.130000000005,366.6884027777778,155.76144542772863
2025-03-20,Thu,0.0,0.0,45.42772861356932,154.0,59082.43000000001,383.6521428571429,174.28445427728616
2025-03-21,Fri,0.0,0.0,42.772861356932154,145.0,55854.94,385.2064827586207,164.7638348082596
2025-03-22,Sat,0.0,0.0,41.00294985250738,139.0,52083.22000000001,374.6994244604317,153.63781710914458
2025-03-23,Sun,0.0,0.0,42.772861356932154,145.0,52828.64000000001,364.3354482758621,155.83669616519177
2025-03-24,Mon,0.0,0.0,43.067846607669615,146.0,55638.259999999995,381.08397260273966,164.12466076696163
2025-03-25,Tue,0.0,0.0,44.54277286135693,151.0,58812.420000000006,389.4862251655629,173.48796460176993
2025-03-26,Wed,0.0,0.0,44.24778761061947,150.0,58799.939999999995,391.9996,173.45115044247785
2025-03-27,Thu,0.0,0.0,44.83775811209439,152.0,60006.52,394.77973684210525,177.01038348082594
2025-03-28,Fri,0.0,0.0,45.42772861356932,154.0,63972.560000000005,415.4062337662338,188.70961651917406
2025-03-29,Sat,0.0,0.0,51.91740412979351,176.0,77166.20999999999,438.444375,227.62893805309733
2025-03-30,Sun,0.0,0.0,66.3716814159292,225.0,112530.96,500.1376,331.94973451327434
2025-03-31,Mon,0.0,0.0,89.67551622418878,304.0,171064.88999999998,562.7134539473684,504.61619469026544
2025-04-01,Tue,0.0,0.0,91.44542772861357,310.0,175220.09,565.2260967741936,516.8734218289086
2025-04-02,Wed,0.0,0.0,94.3952802359882,320.0,181416.22,566.9256875,535.1510914454277
2025-04-03,Thu,0.0,0.0,96.46017699115043,327.0,182969.16,559.5387155963302,539.7320353982301
2025-04-04,Fri,0.0,0.0,83.77581120943954,284.0,145365.81000000003,511.8514436619719,428.80769911504433
2025-04-05,Sat,0.0,0.0,76.10619469026548,258.0,124808.85000000002,483.7552325581396,368.1676991150443
2025-04-06,Sun,0.0,0.0,74.63126843657817,253.0,120693.40000000001,477.04901185770757,356.02772861356937
2025-04-07,Mon,0.0,0.0,92.33038348082596,313.0,164635.44999999998,525.9918530351437,485.6502949852507
2025-04-08,Tue,0.0,0.0,95.57522123893806,324.0,173858.3,536.5996913580246,512.8563421828908
2025-04-09,Wed,0.0,0.0,96.46017699115043,327.0,178203.06000000003,544.9634862385321,525.672743362832
2025-04-10,Thu,0.0,0.0,91.44542772861357,310.0,163866.12000000002,528.6003870967743,483.38088495575226
2025-04-11,Fri,0.0,0.0,97.34513274336283,330.0,173923.99000000002,527.042393939394,513.0501179941003
2025-04-12,Sat,0.0,0.0,82.59587020648968,280.0,140609.82,502.1779285714286,414.7782300884956
2025-04-13,Sun,0.0,0.0,81.41592920353983,276.0,140179.71,507.8975,413.50946902654863
2025-04-14,Mon,0.0,0.0,98.82005899705014,335.0,176551.80999999997,527.0203283582089,520.8017994100294
2025-04-15,Tue,0.0,0.0,96.7551622418879,328.0,186867.26000000004,569.7172560975611,551.2308554572272
2025-04-16,Wed,0.0,0.0,97.34513274336283,330.0,190770.19999999998,578.0915151515151,562.7439528023598
2025-04-17,Thu,0.0,0.0,93.21533923303835,316.0,166529.80999999997,526.9930696202531,491.23837758112086
2025-04-18,Fri,0.0,0.0,87.02064896755162,295.0,151359.72000000003,513.0837966101695,446.4888495575222
2025-04-19,Sat,0.0,0.0,75.22123893805309,255.0,128029.9,502.07803921568626,377.66932153392327
2025-04-20,Sun,0.0,0.0,73.74631268436578,250.0,118295.75000000003,473.1830000000001,348.9550147492626
2025-04-21,Mon,0.0,0.0,72.56637168141593,246.0,117064.79000000001,475.87313008130087,345.3238643067847
2025-04-22,Tue,0.0,0.0,82.30088495575221,279.0,131438.36,471.10523297491034,387.7237758112094
2025-04-23,Wed,0.0,0.0,87.90560471976401,298.0,150795.91,506.0265436241611,444.82569321533924
2025-04-24,Thu,0.0,0.0,89.08554572271386,302.0,148281.47,490.9982450331126,437.4084660766962
2025-04-25,Fri,0.0,0.0,77.87610619469027,264.0,126073.16,477.5498484848485,371.8972271386431
2025-04-26,Sat,0.0,0.0,80.8259587020649,274.0,125519.89000000001,458.10178832116793,370.26516224188794
2025-04-27,Sun,0.0,0.0,87.90560471976401,298.0,145343.83000000002,487.73097315436246,428.7428613569322
2025-04-28,Mon,0.0,0.0,96.16519174041298,326.0,171099.52000000002,524.8451533742332,504.7183480825959
2025-04-29,Tue,0.0,0.0,96.46017699115043,327.0,169800.21,519.2666972477064,500.8855752212389
2025-04-30,Wed,0.0,0.0,96.46017699115043,327.0,184204.2,563.3155963302753,543.3752212389381
2025-05-01,Thu,0.0,0.0,97.6401179941003,331.0,160197.81,483.9812990936556,472.55991150442475
2025-05-02,Fri,0.0,0.0,87.61061946902655,297.0,145372.43,489.46946127946126,428.827227138643
2025-05-03,Sat,0.0,0.0,82.59587020648968,280.0,102978.08,367.77885714285713,303.77014749262537
2025-05-04,Sun,0.0,0.0,69.32153392330383,235.0,79437.69,338.0327234042553,234.32946902654868
2025-05-05,Mon,0.0,0.0,87.31563421828909,296.0,98287.28,332.0516216216216,289.93297935103243
2025-05-06,Tue,0.0,0.0,92.03539823008849,312.0,109786.72999999998,351.8805448717948,323.8546607669616
2025-05-07,Wed,0.0,0.0,90.85545722713864,308.0,109650.61,356.008474025974,323.4531268436578
2025-05-08,Thu,0.0,0.0,78.46607669616519,266.0,91669.92000000001,344.6237593984963,270.4127433628319
2025-05-09,Fri,0.0,0.0,83.1858407079646,282.0,87327.82,309.6731205673759,257.6041887905605
2025-05-10,Sat,0.0,0.0,70.50147492625368,239.0,72988.06,305.38937238493725,215.30401179941003
2025-05-11,Sun,0.0,0.0,60.766961651917406,206.0,65935.4,320.0747572815534,194.49970501474925
2025-05-12,Mon,0.0,0.0,66.07669616519173,224.0,78111.11,348.7103125,230.41625368731565
2025-05-13,Tue,0.0,0.0,70.20648967551622,238.0,84629.75,355.5871848739496,249.6452802359882
2025-05-14,Wed,0.0,0.0,72.27138643067846,245.0,82423.75,336.4234693877551,243.13790560471978
2025-05-15,Thu,0.0,0.0,65.19174041297934,221.0,77396.40999999999,350.2099999999999,228.30799410029496
2025-05-16,Fri,0.0,0.0,61.06194690265486,207.0,67975.76,328.3853140096618,200.51846607669614
2025-05-17,Sat,0.0,0.0,61.06194690265486,207.0,66429.76999999999,320.9167632850241,195.95802359882003
2025-05-18,Sun,0.0,0.0,53.392330383480825,181.0,61438.740000000005,339.44055248618787,181.23522123893807
2025-05-19,Mon,0.0,0.0,58.4070796460177,198.0,68883.56,347.89676767676764,203.19634218289085
2025-05-20,Tue,0.0,0.0,69.6165191740413,236.0,79507.04000000001,336.8942372881356,234.53404129793512
2025-05-21,Wed,0.0,0.0,69.6165191740413,236.0,75395.91,319.47419491525426,222.40681415929205
2025-05-22,Thu,0.0,0.0,68.43657817109144,232.0,75150.31,323.92375,221.68233038348083
2025-05-23,Fri,0.0,0.0,48.37758112094395,164.0,54648.72000000001,333.2239024390244,161.20566371681417
2025-05-24,Sat,0.0,0.0,47.78761061946903,162.0,54104.3,333.97716049382717,159.59970501474928
2025-05-25,Sun,0.0,0.0,61.06194690265486,207.0,69077.03,333.70545893719805,203.76705014749263
2025-05-26,Mon,0.0,0.0,64.89675516224189,220.0,72610.26,330.04663636363637,214.1895575221239
2025-05-27,Tue,0.0,0.0,73.45132743362832,249.0,80885.57,324.8416465863454,238.60050147492626
2025-05-28,Wed,0.0,0.0,69.32153392330383,235.0,75637.39,321.8612340425532,223.11914454277286
2025-05-29,Thu,0.0,0.0,65.48672566371681,222.0,71313.20000000001,321.2306306306307,210.3634218289086
2025-05-30,Fri,0.0,0.0,59.882005899705014,203.0,67142.06,330.74906403940884,198.05917404129792
2025-05-31,Sat,0.0,0.0,44.83775811209439,152.0,52625.310000000005,346.2191447368421,155.23690265486727
2025-06-01,Sun,0.0,0.0,41.5929203539823,141.0,46626.530000000006,330.6846099290781,137.54138643067847
2025-06-02,Mon,0.0,0.0,43.36283185840708,147.0,45318.13,308.28659863945575,133.6817994100295
2025-06-03,Tue,0.0,0.0,48.37758112094395,164.0,45210.43,275.6733536585366,133.36410029498526
2025-06-04,Wed,0.0,0.0,54.86725663716814,186.0,47772.280000000006,256.8402150537635,140.92117994100298
2025-06-05,Thu,0.0,0.0,71.68141592920354,243.0,67734.16,278.74139917695476,199.80578171091446
2025-06-06,Fri,0.0,0.0,78.17109144542773,265.0,81450.75000000001,307.36132075471704,240.26769911504428
2025-06-07,Sat,0.0,0.0,75.51622418879056,256.0,89733.38,350.521015625,264.70023598820063
2025-06-08,Sun,0.0,0.0,55.75221238938053,189.0,62896.31999999999,332.78476190476187,185.53486725663714
2025-06-09,Mon,0.0,0.0,51.03244837758112,173.0,59343.66,343.026936416185,175.05504424778763
2025-06-10,Tue,0.0,0.0,45.42772861356932,154.0,48065.86,312.115974025974,141.787197640118
2025-06-11,Wed,0.0,0.0,47.49262536873156,161.0,48096.29,298.7347204968944,141.8769616519174
2025-06-12,Thu,0.0,0.0,46.902654867256636,159.0,48441.38,304.66276729559746,142.89492625368732
2025-06-13,Fri,0.0,0.0,42.772861356932154,145.0,45177.189999999995,311.56682758620684,133.2660471976401
2025-06-14,Sat,0.0,0.0,43.067846607669615,146.0,45628.47,312.52376712328766,134.59725663716816
2025-06-15,Sun,0.0,0.0,45.42772861356932,154.0,48307.62,313.68584415584417,142.50035398230088
2025-06-16,Mon,0.0,0.0,52.8023598820059,179.0,63996.21,357.5207262569832,188.77938053097344
2025-06-17,Tue,0.0,0.0,56.342182890855455,191.0,62680.69,328.17115183246074,184.89879056047198
2025-06-18,Wed,0.0,0.0,53.98230088495575,183.0,59171.840000000004,323.3433879781421,174.54820058997052
2025-06-19,Thu,0.0,0.0,52.50737463126843,178.0,56334.369999999995,316.4852247191011,166.1780825958702
2025-06-20,Fri,0.0,0.0,48.67256637168141,165.0,53396.17999999999,323.6132121212121,157.5108554572271
2025-06-21,Sat,0.0,0.0,45.72271386430678,155.0,48195.810000000005,310.94070967741936,142.17053097345135
2025-06-22,Sun,0.0,0.0,40.117994100294986,136.0,43572.89,320.38889705882355,128.53359882005898
2025-06-23,Mon,0.0,0.0,41.00294985250738,139.0,49387.84999999999,355.3082733812949,145.68687315634216
2025-06-24,Tue,0.0,0.0,38.93805309734513,132.0,41669.27,315.67628787878783,122.9182005899705
2025-06-25,Wed,0.0,0.0,38.34808259587021,130.0,40338.700000000004,310.29769230769233,118.99321533923305
2025-06-26,Thu,0.0,0.0,42.772861356932154,145.0,44997.520000000004,310.32772413793106,132.73604719764012
2025-06-27,Fri,0.0,0.0,49.557522123893804,168.0,51075.63,304.02160714285714,150.66557522123892
2025-06-28,Sat,0.0,0.0,42.47787610619469,144.0,44781.15000000001,310.9802083333334,132.0977876106195
2025-06-29,Sun,0.0,0.0,37.75811209439528,128.0,40446.46000000001,315.98796875000005,119.31109144542775
2025-06-30,Mon,0.0,0.0,40.41297935103245,137.0,44103.44,321.9229197080292,130.0986430678466
2025-07-01,Tue,0.0,0.0,51.03244837758112,173.0,52600.2,304.04739884393064,155.16283185840706
2025-07-02,Wed,0.0,0.0,48.37758112094395,164.0,52792.409999999996,321.9049390243902,155.72982300884954
2025-07-03,Thu,0.0,0.0,56.63716814159292,192.0,63453.38,330.4863541666667,187.17811209439526
2025-07-04,Fri,0.0,0.0,46.312684365781706,157.0,52469.81000000001,334.20261146496824,154.77820058997054
2025-07-05,Sat,0.0,0.0,42.18289085545723,143.0,50174.36,350.8696503496503,148.0069616519174
2025-07-06,Sun,0.0,0.0,41.00294985250738,139.0,46323.719999999994,333.2641726618705,136.64814159292033
2025-07-07,Mon,0.0,0.0,46.607669616519175,158.0,52199.15,330.3743670886076,153.9797935103245
2025-07-08,Tue,0.0,0.0,51.03244837758112,173.0,55471.52999999999,320.6446820809248,163.63283185840706
2025-07-09,Wed,0.0,0.0,51.91740412979351,176.0,56364.15,320.2508522727273,166.26592920353983
2025-07-10,Thu,0.0,0.0,53.98230088495575,183.0,60254.16,329.2577049180328,177.74088495575222
2025-07-11,Fri,0.0,0.0,50.737463126843664,172.0,59270.54,344.5961627906977,174.83935103244838
2025-07-12,Sat,0.0,0.0,43.95280235988201,149.0,51041.57,342.5608724832215,150.56510324483776
2025-07-13,Sun,0.0,0.0,44.24778761061947,150.0,50067.35999999999,333.78239999999994,147.6913274336283
2025-07-14,Mon,0.0,0.0,44.54277286135693,151.0,50710.8,335.8331125827815,149.58938053097347
2025-07-15,Tue,0.0,0.0,47.1976401179941,160.0,54595.54000000001,341.22212500000006,161.048790560472
2025-07-16,Wed,0.0,0.0,46.312684365781706,157.0,52297.74,333.10662420382164,154.27061946902654
2025-07-17,Thu,0.0,0.0,45.13274336283185,153.0,54966.409999999996,359.25758169934636,162.14280235988198
2025-07-18,Fri,0.0,0.0,44.83775811209439,152.0,55784.64,367.0042105263158,164.55646017699115
2025-07-19,Sat,0.0,0.0,46.607669616519175,158.0,53808.619999999995,340.5608860759493,158.7274926253687
2025-07-20,Sun,0.0,0.0,42.47787610619469,144.0,49698.12,345.12583333333333,146.60212389380533
2025-07-21,Mon,0.0,0.0,46.017699115044245,156.0,48432.49,310.46467948717947,142.86870206489675
2025-07-22,Tue,0.0,0.0,45.72271386430678,155.0,50790.61,327.6813548387097,149.82480825958703
2025-07-23,Wed,0.0,0.0,51.03244837758112,173.0,53159.28999999999,307.27913294797685,156.81206489675515
2025-07-24,Thu,0.0,0.0,50.737463126843664,172.0,58414.5,339.61918604651163,172.31415929203538
2025-07-25,Fri,0.0,0.0,49.26253687315634,167.0,52189.729999999996,312.51335329341316,153.952005899705
2025-07-26,Sat,0.0,0.0,51.03244837758112,173.0,55965.490000000005,323.49994219653183,165.08994100294987
2025-07-27,Sun,0.0,0.0,47.49262536873156,161.0,51361.59999999999,319.01614906832293,151.50914454277284
2025-07-28,Mon,0.0,0.0,48.08259587020649,163.0,51673.25,317.0138036809816,152.42846607669617
2025-07-29,Tue,0.0,0.0,45.13274336283185,153.0,48480.590000000004,316.86660130718957,143.01058997050148
2025-07-30,Wed,0.0,0.0,45.72271386430678,155.0,52166.46,336.5578064516129,153.8833628318584
2025-07-31,Thu,0.0,0.0,46.902654867256636,159.0,52865.63,332.4882389937107,155.9458112094395
2025-08-01,Fri,0.0,0.0,47.78761061946903,162.0,57281.68000000001,353.5906172839507,168.97250737463128
2025-08-02,Sat,0.0,0.0,47.49262536873156,161.0,56411.909999999996,350.38453416149065,166.40681415929203
2025-08-03,Sun,0.0,0.0,40.41297935103245,137.0,46773.17,341.40999999999997,137.9739528023599
2025-08-04,Mon,0.0,0.0,41.00294985250738,139.0,46819.96000000001,336.8342446043166,138.11197640117996
2025-08-05,Tue,0.0,0.0,42.47787610619469,144.0,46763.450000000004,324.7461805555556,137.9452802359882
2025-08-06,Wed,0.0,0.0,47.78761061946903,162.0,54588.85,336.9682098765432,161.02905604719763
2025-08-07,Thu,0.0,0.0,44.24778761061947,150.0,51544.4,343.62933333333336,152.04837758112095
2025-08-08,Fri,0.0,0.0,47.1976401179941,160.0,56146.8,350.9175,165.62477876106195
2025-08-09,Sat,0.0,0.0,49.26253687315634,167.0,60856.12,364.4079041916168,179.51657817109145
2025-08-10,Sun,0.0,0.0,41.29793510324484,140.0,48036.64,343.11885714285717,141.7010029498525
2025-08-11,Mon,0.0,0.0,43.657817109144545,148.0,48519.43,327.8339864864865,143.1251622418879
2025-08-12,Tue,0.0,0.0,43.657817109144545,148.0,48025.159999999996,324.4943243243243,141.66713864306783
2025-08-13,Wed,0.0,0.0,48.37758112094395,164.0,53609.32,326.8860975609756,158.13958702064897
2025-08-14,Thu,0.0,0.0,48.96755162241888,166.0,55504.86,334.3666265060241,163.73115044247788
2025-08-15,Fri,0.0,0.0,50.442477876106196,171.0,58154.67,340.0857894736842,171.54769911504425
2025-08-16,Sat,0.0,0.0,55.16224188790561,187.0,64645.86,345.6997860962567,190.69575221238938
2025-08-17,Sun,0.0,0.0,52.50737463126843,178.0,60644.759999999995,340.70089887640444,178.89309734513273
2025-08-18,Mon,0.0,0.0,55.75221238938053,189.0,59480.8,314.71322751322754,175.45958702064897
2025-08-19,Tue,0.0,0.0,59.587020648967545,202.0,68033.3,336.79851485148515,200.6882005899705
2025-08-20,Wed,0.0,0.0,58.70206489675516,199.0,59686.600000000006,299.93266331658293,176.0666666666667
2025-08-21,Thu,0.0,0.0,57.227138643067846,194.0,58981.44,304.0280412371134,173.98654867256639
2025-08-22,Fri,0.0,0.0,45.72271386430678,155.0,54984.32,354.73754838709675,162.1956342182891
2025-08-23,Sat,0.0,0.0,44.83775811209439,152.0,55007.29,361.8900657894737,162.26339233038348
2025-08-24,Sun,0.0,0.0,47.78761061946903,162.0,58208.41999999999,359.3112345679012,171.7062536873156
2025-08-25,Mon,0.0,0.0,48.08259587020649,163.0,56081.65,344.0592024539877,165.43259587020648
2025-08-26,Tue,0.0,0.0,53.392330383480825,181.0,58231.33,321.7200552486188,171.77383480825958
2025-08-27,Wed,3.0,2005.0060000000012,53.687315634218294,182.0,58467.280000000006,321.24879120879126,172.46985250737464
2025-08-28,Thu,12.0,4692.203999999998,53.687315634218294,182.0,56434.895000000004,310.0818406593407,166.47461651917405
2025-08-29,Fri,7.0,2399.6719999999914,42.772861356932154,145.0,48012.613,331.12146896551724,141.63012684365782
2025-08-30,Sat,1.0,312.3119999999981,38.93805309734513,132.0,42896.667,324.97475000000003,126.53884070796461
2025-08-31,Sun,6.0,1545.1369999999952,36.57817109144543,124.0,38799.97,312.9029838709678,114.45418879056048
2025-09-01,Mon,8.0,1758.438000000002,38.93805309734513,132.0,40593.245,307.52458333333334,119.74408554572273
2025-09-02,Tue,12.0,3410.725999999995,40.117994100294986,136.0,41754.042,307.0150147058824,123.16826548672567
2025-09-03,Wed,12.0,3454.7260000000024,41.00294985250738,139.0,42162.241,303.3254748201439,124.37239233038349
2025-09-04,Thu,11.0,3157.7260000000024,39.823008849557525,135.0,42354.97200000001,313.7405333333334,124.94092035398232
2025-09-05,Fri,16.0,4636.642999999996,42.47787610619469,144.0,46114.915,320.2424652777778,136.032197640118
2025-09-06,Sat,17.0,5190.921999999999,48.08259587020649,163.0,54033.243,331.4922883435583,159.39009734513274
2025-09-07,Sun,14.0,4142.236999999994,56.342182890855455,191.0,65113.202000000005,340.9068167539267,192.07434218289086
2025-09-08,Mon,14.0,4142.237000000008,56.63716814159292,192.0,64325.888000000006,335.0306666666667,189.75188200589972
2025-09-09,Tue,14.0,4142.236999999994,56.342182890855455,191.0,63166.235,330.7132722513089,186.33107669616518
2025-09-10,Wed,8.0,2009.5680000000066,50.737463126843664,172.0,57882.92400000001,336.52862790697685,170.74608849557526
2025-09-11,Thu,24.0,6246.900000000009,55.16224188790561,187.0,61616.53300000001,329.5001764705883,181.75968436578174
2025-09-12,Fri,27.0,7368.9000000000015,46.312684365781706,157.0,49795.537000000004,317.169025477707,146.88948967551624
2025-09-13,Sat,24.0,6696.228000000003,42.18289085545723,143.0,46638.08600000001,326.14046153846164,137.57547492625372
2025-09-14,Sun,15.0,3579.5540000000037,42.772861356932154,145.0,42369.316000000006,292.2021793103449,124.9832330383481
2025-09-15,Mon,5.0,1007.4130000000005,38.64306784660767,131.0,37431.944,285.74003053435115,110.4187138643068
2025-09-16,Tue,5.0,1007.4129999999932,39.52802359882006,134.0,37766.509,281.8396194029851,111.40563126843658
2025-09-17,Wed,6.0,1245.012999999999,38.64306784660767,131.0,36983.188,282.31441221374047,109.09494985250738
2025-09-18,Thu,6.0,1321.9139999999898,41.00294985250738,139.0,39393.882,283.4092230215827,116.20614159292035
2025-09-19,Fri,6.0,1321.913999999997,37.75811209439528,128.0,40382.1,315.48515625,119.1212389380531
2025-09-20,Sat,6.0,1321.9140000000043,36.87315634218289,125.0,39796.273,318.370184,117.39313569321534
2025-09-21,Sun,6.0,1321.9140000000043,35.39823008849557,120.0,36068.285,300.5690416666667,106.39612094395281
2025-09-22,Mon,6.0,1382.2160000000003,42.18289085545723,143.0,40631.25,284.13461538461536,119.85619469026548
2025-09-23,Tue,7.0,1507.9570000000022,36.57817109144543,124.0,36265.328,292.46232258064515,106.97736873156343
2025-09-24,Wed,4.0,787.9409999999989,33.92330383480826,115.0,34344.629,298.64894782608695,101.31158997050147
2025-09-25,Thu,4.0,787.9409999999989,33.33333333333333,113.0,33923.494,300.20791150442477,100.06930383480825
2025-09-26,Fri,3.0,548.4819999999963,33.6283185840708,114.0,36129.049,316.9214824561403,106.57536578171091
2025-09-27,Sat,4.0,674.2229999999981,38.05309734513274,129.0,39965.233,309.80800775193796,117.89154277286136
2025-09-28,Sun,5.0,871.7829999999958,31.268436578171094,106.0,33358.523,314.7030471698113,98.4027227138643
2025-09-29,Mon,5.0,872.773000000001,30.973451327433626,105.0,33352.583000000006,317.64364761904767,98.38520058997052
2025-09-30,Tue,3.0,473.35199999999895,27.43362831858407,93.0,30110.652000000002,323.77045161290323,88.82198230088495
2025-10-01,Wed,2.0,573.7710000000006,27.43362831858407,93.0,36227.741,389.54560215053766,106.86649262536874
2025-10-02,Thu,3.0,1143.0210000000006,30.678466076696164,104.0,38998.476,374.9853461538462,115.03975221238939
2025-10-03,Fri,3.0,1479.7419999999984,30.08849557522124,102.0,38237.331,374.87579411764705,112.79448672566372
2025-10-04,Sat,2.0,1138.5,35.10324483775811,119.0,40829.888000000006,343.10830252100845,120.44214749262538
2025-10-05,Sun,4.0,1785.05799999999,35.9882005899705,122.0,41290.106,338.4434918032787,121.79972271386431
2025-10-06,Mon,4.0,1785.0580000000045,35.9882005899705,122.0,42861.236000000004,351.3216065573771,126.43432448377582
2025-10-07,Tue,4.0,1785.0579999999973,28.908554572271388,98.0,37829.099,386.0112142857143,111.59026253687317
2025-10-08,Wed,2.0,1138.5,21.238938053097346,72.0,31695.939000000002,440.221375,93.49834513274337
2025-10-09,Thu,2.0,1138.5000000000036,22.123893805309734,75.0,33162.899000000005,442.1719866666667,97.82566076696166
2025-10-10,Fri,2.0,1138.5,25.368731563421832,86.0,37949.37300000001,441.27177906976755,111.94505309734515
2025-10-11,Sat,1.0,569.25,22.71386430678466,77.0,33553.564000000006,435.7605714285715,98.97806489675519
2025-10-12,Sun,1.0,891.0,20.353982300884958,69.0,32279.423000000003,467.8177246376812,95.21953687315634
2025-10-13,Mon,1.0,693.0,20.353982300884958,69.0,31481.285000000003,456.25050724637686,92.86514749262538
2025-10-14,Tue,1.0,693.0,19.174041297935105,65.0,28661.093999999997,440.93990769230766,84.54599999999999
2025-10-15,Wed,1.0,693.0,20.353982300884958,69.0,30618.247000000003,443.74271014492757,90.31931268436578
2025-10-16,Thu,1.0,693.0,23.59882005899705,80.0,36564.044,457.05055000000004,107.85853687315635
2025-10-17,Fri,1.0,693.0,25.663716814159294,87.0,41405.683000000005,475.92739080459774,122.14065781710916
2025-10-18,Sat,1.0,569.25,28.023598820058996,95.0,42336.019,445.6423052631579,124.88501179941004
2025-10-19,Sun,1.0,570.2399999999907,27.13864306784661,92.0,41344.996,449.4021304347826,121.9616401179941
2025-10-20,Mon,1.0,575.189999999995,24.188790560471976,82.0,36164.711,441.03306097560977,106.68056342182892
2025-10-21,Tue,1.0,640.5299999999988,45.72271386430678,155.0,71068.93200000002,458.5092387096775,209.6428672566372
2025-10-22,Wed,1.0,645.4800000000105,46.017699115044245,156.0,71888.87200000002,460.82610256410265,212.06156932153397
2025-10-23,Thu,1.0,600.9300000000076,44.54277286135693,151.0,68522.41000000002,453.7907947019869,202.13100294985256
2025-10-24,Fri,1.0,569.25,30.973451327433626,105.0,47485.977000000006,452.2474000000001,140.07662831858408
2025-10-25,Sat,1.0,569.25,32.15339233038348,109.0,49307.258,452.3601651376147,145.44913864306784
2025-10-26,Sun,1.0,570.2400000000052,33.92330383480826,115.0,52395.398,455.61215652173917,154.55869616519175
2025-10-27,Mon,3.0,1683.0,31.563421828908556,107.0,50433.273,471.339,148.7707168141593
2025-10-28,Tue,3.0,1581.25,30.973451327433626,105.0,50421.921,480.2087714285714,148.73723008849558
2025-10-29,Wed,3.0,1581.25,28.31858407079646,96.0,45241.141,471.2618854166667,133.45469321533923
2025-10-30,Thu,3.0,1688.5,36.57817109144543,124.0,55166.034,444.88737096774196,162.73166371681415
2025-10-31,Fri,0.0,0.0,35.9882005899705,122.0,53684.87300000001,440.0399426229509,158.36245722713866
2025-11-01,Sat,0.0,0.0,37.75811209439528,128.0,57803.284,451.58815625,170.51116224188792
2025-11-02,Sun,0.0,0.0,34.51327433628318,117.0,50904.667,435.08262393162397,150.16125958702065
2025-11-03,Mon,0.0,0.0,18.87905604719764,64.0,30262.804000000004,472.85631250000006,89.27080825958703
2025-11-04,Tue,0.0,0.0,18.289085545722713,62.0,28983.966,467.48332258064517,85.49842477876106
2025-11-05,Wed,0.0,0.0,18.87905604719764,64.0,28554.515,446.164296875,84.23160766961652
2025-11-06,Thu,0.0,0.0,17.99410029498525,61.0,26703.468,437.7617704918033,78.77129203539823
2025-11-07,Fri,0.0,0.0,15.04424778761062,51.0,21111.431000000004,413.9496274509805,62.275607669616534
2025-11-08,Sat,0.0,0.0,21.238938053097346,72.0,31988.924000000006,444.2906111111112,94.36260766961654
2025-11-09,Sun,2.0,1446.5550000000003,27.728613569321535,94.0,42774.52300000001,455.0481170212767,126.17853392330386
2025-11-10,Mon,2.0,1446.5550000000003,27.13864306784661,92.0,42097.473000000005,457.58122826086964,124.18133628318586
2025-11-11,Tue,2.0,1597.0350000000035,25.663716814159294,87.0,40138.329000000005,461.36010344827594,118.40215044247789
2025-11-12,Wed,1.0,706.310000000005,24.48377581120944,83.0,36896.62900000001,444.5376987951808,108.83961356932156
2025-11-13,Thu,1.0,695.4199999999983,17.699115044247787,60.0,26863.188000000002,447.7198,79.24244247787611
2025-11-14,Fri,4.0,2288.824999999997,23.59882005899705,80.0,37433.737,467.9217125,110.42400294985251
2025-11-15,Sat,4.0,2282.1920000000064,16.519174041297934,56.0,25417.623000000007,453.8861250000001,74.97823893805312
2025-11-16,Sun,3.0,1586.7719999999972,30.383480825958703,103.0,46740.991,453.7960291262136,137.87902949852509
2025-11-17,Mon,3.0,1586.7719999999972,30.973451327433626,105.0,48948.68,466.17790476190476,144.39138643067847
2025-11-18,Tue,3.0,1586.7720000000045,30.678466076696164,104.0,48755.751000000004,468.8052980769231,143.8222743362832
2025-11-19,Wed,4.0,1963.9180000000051,31.858407079646017,108.0,50885.60400000001,471.16300000000007,150.10502654867258
2025-11-20,Thu,1.0,377.14600000000064,31.268436578171094,106.0,50018.507000000005,471.87270754716985,147.54721828908555
2025-11-21,Fri,1.0,377.14600000000064,27.43362831858407,93.0,41344.798,444.56772043010756,121.96105604719764
2025-11-22,Sat,2.0,979.2309999999998,11.209439528023598,38.0,15462.150000000001,406.89868421052637,45.61106194690266
2025-11-23,Sun,2.0,1133.2309999999998,10.32448377581121,35.0,14340.92,409.74057142857146,42.303598820058994
2025-11-24,Mon,2.0,1133.2309999999998,10.029498525073747,34.0,14457.839,425.2305588235294,42.64849262536873
2025-11-25,Tue,2.0,1133.2309999999998,10.029498525073747,34.0,15167.702000000001,446.10888235294124,44.742483775811216
2025-11-26,Wed,2.0,1133.2310000000016,10.029498525073747,34.0,14394.292000000001,423.36152941176476,42.4610383480826
2025-11-27,Thu,1.0,756.085000000001,10.029498525073747,34.0,14703.227,432.4478529411765,43.37235103244838
2025-11-28,Fri,0.0,0.0,11.209439528023598,38.0,15086.764000000001,397.0201052631579,44.50372861356932
2025-11-29,Sat,0.0,0.0,11.504424778761061,39.0,15435.992,395.79466666666667,45.53389970501475
2025-11-30,Sun,0.0,0.0,11.504424778761061,39.0,15499.044000000002,397.41138461538463,45.71989380530974
2025-12-01,Mon,0.0,0.0,8.849557522123893,30.0,12734.513,424.48376666666667,37.56493510324484
2025-12-02,Tue,0.0,0.0,8.849557522123893,30.0,12933.767,431.12556666666666,38.15270501474926
2025-12-03,Wed,0.0,0.0,9.43952802359882,32.0,14688.828000000001,459.02587500000004,43.329876106194696
2025-12-04,Thu,0.0,0.0,11.799410029498524,40.0,17383.916,434.59790000000004,51.279988200589976
2025-12-05,Fri,0.0,0.0,12.684365781710916,43.0,18594.543000000005,432.43123255813964,54.85115929203541
2025-12-06,Sat,0.0,0.0,12.389380530973451,42.0,17656.771,420.39930952380956,52.084870206489676
2025-12-07,Sun,0.0,0.0,11.504424778761061,39.0,15441.019,395.9235641025641,45.548728613569324
2025-12-08,Mon,0.0,0.0,9.734513274336283,33.0,12596.276000000002,381.7053333333334,37.157156342182894
2025-12-09,Tue,0.0,0.0,8.55457227138643,29.0,11609.983000000002,400.3442413793104,34.247737463126846
2025-12-10,Wed,0.0,0.0,9.144542772861357,31.0,12438.404000000002,401.2388387096775,36.69145722713865
2025-12-11,Thu,0.0,0.0,8.849557522123893,30.0,12789.227000000003,426.30756666666673,37.72633333333334
2025-12-12,Fri,0.0,0.0,9.43952802359882,32.0,13814.295000000002,431.69671875000006,40.75013274336284
2025-12-13,Sat,0.0,0.0,9.43952802359882,32.0,13519.275000000001,422.47734375000005,39.87986725663717
2025-12-14,Sun,0.0,0.0,8.849557522123893,30.0,12199.363000000001,406.64543333333336,35.98632153392331
2025-12-15,Mon,0.0,0.0,8.259587020648967,28.0,11509.949,411.06960714285714,33.95265191740413
2025-12-16,Tue,0.0,0.0,8.259587020648967,28.0,12986.677000000001,463.8098928571429,38.30878171091446
2025-12-17,Wed,0.0,0.0,8.259587020648967,28.0,12918.653000000002,461.38046428571437,38.108120943952805
2025-12-18,Thu,0.0,0.0,9.43952802359882,32.0,15040.421000000002,470.01315625000007,44.36702359882006
2025-12-19,Fri,0.0,0.0,13.864306784660767,47.0,21929.743000000002,466.59027659574474,64.68950737463128
2025-12-20,Sat,0.0,0.0,12.684365781710916,43.0,19648.068000000003,456.9318139534884,57.958902654867266
2025-12-21,Sun,0.0,0.0,13.274336283185843,45.0,21228.537000000004,471.74526666666674,62.62105309734515
2025-12-22,Mon,0.0,0.0,14.15929203539823,48.0,22893.783000000003,476.9538125000001,67.53328318584072
2025-12-23,Tue,0.0,0.0,16.224188790560472,55.0,27122.546000000002,493.13720000000006,80.00751032448379
2025-12-24,Wed,0.0,0.0,19.174041297935105,65.0,35095.533,539.931276923077,103.52664601769912
2025-12-25,Thu,0.0,0.0,18.58407079646018,63.0,34481.788,547.3299682539682,101.71618879056048
2025-12-26,Fri,0.0,0.0,20.058997050147493,68.0,43619.411,641.4619264705882,128.67082890855457
2025-12-27,Sat,0.0,0.0,22.418879056047196,76.0,54787.21600000001,720.8844210526316,161.61420648967555
2025-12-28,Sun,0.0,0.0,23.008849557522122,78.0,61790.267,792.1829102564103,182.27217404129794
2025-12-29,Mon,0.0,0.0,23.008849557522122,78.0,91770.85500000001,1176.5494230769232,270.71048672566377
2025-12-30,Tue,0.0,0.0,20.353982300884958,69.0,78774.509,1141.6595507246377,232.37318289085547
2025-12-31,Wed,0.0,0.0,19.76401179941003,67.0,91315.75200000002,1362.9216716417914,269.36800000000005
